user_id,event_timestamp,age,tenure_months,monthly_spend,num_logins_last_30d,num_support_tickets,churn
1,2026-02-17 10:26:16.827297,56,29,114.04,12,8,1
2,2026-02-18 10:26:16.827297,46,47,165.29,10,7,1
3,2026-02-07 10:26:16.827297,32,4,95.94,45,1,0
4,2026-02-11 10:26:16.827297,25,12,132.28,18,7,1
5,2026-02-08 10:26:16.827297,38,45,110.02,10,6,1
6,2026-02-07 10:26:16.827297,56,2,149.0,12,5,0
7,2026-02-06 10:26:16.827297,36,27,25.51,45,0,0
8,2026-02-27 10:26:16.827297,40,31,21.47,44,6,1
9,2026-02-26 10:26:16.827297,28,51,56.95,0,9,1
10,2026-02-15 10:26:16.827297,28,51,40.31,39,6,1
11,2026-02-21 10:26:16.827297,41,36,175.64,43,8,1
12,2026-02-16 10:26:16.827297,53,36,51.65,18,0,0
13,2026-02-20 10:26:16.827297,57,26,195.41,11,1,0
14,2026-02-17 10:26:16.827297,41,43,74.01,7,8,1
15,2026-02-09 10:26:16.827297,20,27,44.6,7,8,1
16,2026-02-28 10:26:16.827297,39,5,160.04,44,5,0
17,2026-02-05 10:26:16.827297,19,20,135.15,11,5,0
18,2026-02-14 10:26:16.827297,41,11,104.66,47,3,0
19,2026-02-11 10:26:16.827297,47,10,115.52,32,3,0
20,2026-02-04 10:26:16.827297,55,40,146.65,44,4,0
21,2026-03-01 10:26:16.827297,19,38,53.41,25,2,0
22,2026-02-10 10:26:16.827297,38,6,199.3,38,0,0
23,2026-02-24 10:26:16.827297,50,8,195.21,27,0,0
24,2026-02-09 10:26:16.827297,29,23,133.56,4,6,1
25,2026-03-01 10:26:16.827297,39,47,47.91,7,0,0
26,2026-02-24 10:26:16.827297,42,26,139.24,24,0,0
27,2026-02-14 10:26:16.827297,44,46,23.72,26,2,0
28,2026-02-22 10:26:16.827297,59,43,15.82,45,9,1
29,2026-02-07 10:26:16.827297,45,12,58.96,22,3,0
30,2026-02-12 10:26:16.827297,33,26,97.9,29,3,0
31,2026-02-15 10:26:16.827297,32,13,174.97,44,1,0
32,2026-02-24 10:26:16.827297,20,40,148.16,46,0,0
33,2026-02-09 10:26:16.827297,54,18,151.11,22,2,0
34,2026-02-21 10:26:16.827297,24,25,90.84,48,3,0
35,2026-02-03 10:26:16.827297,38,33,75.73,46,2,0
36,2026-02-27 10:26:16.827297,26,47,80.5,19,7,1
37,2026-02-06 10:26:16.827297,56,40,197.65,17,9,1
38,2026-02-19 10:26:16.827297,35,43,17.62,17,0,0
39,2026-02-11 10:26:16.827297,21,12,174.74,1,1,0
40,2026-02-09 10:26:16.827297,42,44,119.95,3,6,1
41,2026-02-27 10:26:16.827297,31,36,93.34,29,3,0
42,2026-02-08 10:26:16.827297,26,48,147.8,32,7,1
43,2026-02-05 10:26:16.827297,43,4,102.47,35,2,0
44,2026-02-19 10:26:16.827297,19,5,175.95,17,5,0
45,2026-02-26 10:26:16.827297,37,56,181.13,36,8,1
46,2026-02-03 10:26:16.827297,45,37,90.13,18,0,0
47,2026-02-27 10:26:16.827297,24,8,62.6,46,0,0
48,2026-02-23 10:26:16.827297,25,42,122.55,27,7,1
49,2026-02-05 10:26:16.827297,52,49,183.35,39,2,0
50,2026-02-16 10:26:16.827297,31,28,50.03,19,4,0
51,2026-03-02 10:26:16.827297,34,31,128.36,48,0,0
52,2026-03-03 10:26:16.827297,53,58,130.0,32,4,0
53,2026-02-24 10:26:16.827297,57,9,149.29,11,5,0
54,2026-02-04 10:26:16.827297,21,54,35.0,14,7,1
55,2026-02-13 10:26:16.827297,19,51,146.01,40,2,0
56,2026-02-02 10:26:16.827297,23,29,182.72,38,2,0
57,2026-02-21 10:26:16.827297,59,14,44.14,1,9,1
58,2026-02-04 10:26:16.827297,21,40,55.13,28,8,1
59,2026-02-20 10:26:16.827297,46,41,194.57,40,3,0
60,2026-02-20 10:26:16.827297,35,22,44.39,9,3,0
61,2026-02-25 10:26:16.827297,43,11,172.33,1,6,1
62,2026-02-06 10:26:16.827297,51,23,103.53,10,1,0
63,2026-02-19 10:26:16.827297,27,1,56.97,12,7,1
64,2026-02-05 10:26:16.827297,53,46,175.44,9,5,0
65,2026-02-24 10:26:16.827297,31,37,94.61,13,2,0
66,2026-02-03 10:26:16.827297,48,21,107.82,17,8,1
67,2026-02-03 10:26:16.827297,32,26,78.25,8,4,0
68,2026-02-10 10:26:16.827297,25,46,122.66,38,7,1
69,2026-02-04 10:26:16.827297,31,36,41.07,27,6,1
70,2026-02-06 10:26:16.827297,40,54,84.31,2,7,1
71,2026-02-02 10:26:16.827297,57,23,194.19,19,6,1
72,2026-02-23 10:26:16.827297,38,57,59.05,5,2,0
73,2026-02-25 10:26:16.827297,33,1,134.78,26,1,0
74,2026-02-06 10:26:16.827297,35,54,71.79,1,6,1
75,2026-02-11 10:26:16.827297,41,55,156.96,28,2,0
76,2026-02-08 10:26:16.827297,43,51,34.87,37,2,0
77,2026-02-17 10:26:16.827297,42,40,194.27,2,1,0
78,2026-03-02 10:26:16.827297,58,15,96.22,15,3,0
79,2026-02-09 10:26:16.827297,46,21,54.85,29,7,1
80,2026-02-12 10:26:16.827297,32,47,23.96,39,0,0
81,2026-02-07 10:26:16.827297,18,9,42.25,1,0,0
82,2026-02-20 10:26:16.827297,42,53,108.76,16,4,0
83,2026-03-03 10:26:16.827297,24,9,74.03,40,4,0
84,2026-02-09 10:26:16.827297,26,10,167.49,11,0,0
85,2026-02-10 10:26:16.827297,41,52,91.87,34,5,0
86,2026-02-24 10:26:16.827297,18,57,57.26,42,0,0
87,2026-02-27 10:26:16.827297,25,53,127.26,0,4,0
88,2026-02-17 10:26:16.827297,41,26,144.29,44,8,1
89,2026-03-03 10:26:16.827297,28,41,41.74,14,4,0
90,2026-03-03 10:26:16.827297,34,35,41.85,25,5,0
91,2026-02-07 10:26:16.827297,25,52,16.97,36,7,1
92,2026-02-22 10:26:16.827297,52,25,149.92,20,0,0
93,2026-02-10 10:26:16.827297,52,26,136.12,48,1,0
94,2026-02-22 10:26:16.827297,50,11,100.18,30,8,1
95,2026-02-11 10:26:16.827297,22,38,170.39,24,2,0
96,2026-02-17 10:26:16.827297,59,2,163.08,22,5,0
97,2026-02-15 10:26:16.827297,56,7,121.22,23,4,0
98,2026-02-10 10:26:16.827297,58,18,174.97,37,1,0
99,2026-02-26 10:26:16.827297,45,27,49.11,27,6,1
100,2026-03-01 10:26:16.827297,24,34,31.26,20,3,0
101,2026-02-19 10:26:16.827297,26,27,61.25,42,0,0
102,2026-02-16 10:26:16.827297,25,17,20.85,17,3,0
103,2026-02-24 10:26:16.827297,29,43,110.92,35,5,0
104,2026-02-02 10:26:16.827297,51,59,187.96,34,6,1
105,2026-02-17 10:26:16.827297,50,44,17.48,44,6,1
106,2026-02-15 10:26:16.827297,40,59,33.2,8,6,1
107,2026-02-15 10:26:16.827297,41,51,95.92,37,2,0
108,2026-02-10 10:26:16.827297,54,54,187.44,29,5,0
109,2026-02-06 10:26:16.827297,52,24,70.07,43,7,1
110,2026-02-19 10:26:16.827297,57,25,106.37,33,3,0
111,2026-02-15 10:26:16.827297,39,7,17.9,31,7,1
112,2026-02-26 10:26:16.827297,44,52,38.19,2,1,0
113,2026-02-15 10:26:16.827297,52,6,197.46,2,9,1
114,2026-02-16 10:26:16.827297,18,53,193.37,27,8,1
115,2026-02-18 10:26:16.827297,52,24,10.94,43,8,1
116,2026-02-19 10:26:16.827297,54,33,190.84,14,7,1
117,2026-02-26 10:26:16.827297,31,49,131.43,40,9,1
118,2026-03-01 10:26:16.827297,20,29,174.9,22,9,1
119,2026-02-18 10:26:16.827297,18,43,96.4,39,0,0
120,2026-02-18 10:26:16.827297,22,22,107.96,10,1,0
121,2026-02-17 10:26:16.827297,43,26,102.88,47,5,0
122,2026-02-24 10:26:16.827297,31,28,136.7,31,9,1
123,2026-02-03 10:26:16.827297,56,50,36.53,35,4,0
124,2026-02-17 10:26:16.827297,44,21,15.69,32,8,1
125,2026-02-10 10:26:16.827297,26,49,68.51,23,4,0
126,2026-02-03 10:26:16.827297,32,7,143.89,38,1,0
127,2026-02-05 10:26:16.827297,32,17,48.35,33,9,1
128,2026-02-19 10:26:16.827297,43,20,137.95,27,3,0
129,2026-02-15 10:26:16.827297,59,41,194.28,36,8,1
130,2026-02-11 10:26:16.827297,30,49,27.84,6,0,0
131,2026-02-08 10:26:16.827297,49,20,137.79,3,0,0
132,2026-03-01 10:26:16.827297,56,54,94.31,36,6,1
133,2026-02-04 10:26:16.827297,49,22,174.95,0,2,0
134,2026-02-26 10:26:16.827297,21,28,43.66,0,9,1
135,2026-02-27 10:26:16.827297,47,40,141.6,46,1,0
136,2026-02-10 10:26:16.827297,54,49,169.24,19,8,1
137,2026-02-06 10:26:16.827297,40,7,189.48,18,2,0
138,2026-02-15 10:26:16.827297,56,1,139.82,28,1,0
139,2026-02-09 10:26:16.827297,32,32,104.46,9,7,1
140,2026-02-07 10:26:16.827297,46,13,127.39,17,9,1
141,2026-03-02 10:26:16.827297,53,30,175.09,27,5,0
142,2026-02-06 10:26:16.827297,30,23,118.42,34,5,0
143,2026-02-17 10:26:16.827297,49,51,15.77,42,9,1
144,2026-02-27 10:26:16.827297,24,59,186.88,46,6,1
145,2026-02-06 10:26:16.827297,39,56,141.01,30,6,1
146,2026-02-12 10:26:16.827297,45,19,138.54,26,5,0
147,2026-02-26 10:26:16.827297,19,32,50.98,10,3,0
148,2026-02-26 10:26:16.827297,59,30,135.19,48,8,1
149,2026-02-05 10:26:16.827297,23,29,84.83,48,5,0
150,2026-02-14 10:26:16.827297,45,49,133.73,37,3,0
151,2026-02-14 10:26:16.827297,45,45,30.25,4,2,0
152,2026-02-28 10:26:16.827297,37,29,134.99,7,3,0
153,2026-02-15 10:26:16.827297,47,30,199.89,33,2,0
154,2026-02-07 10:26:16.827297,28,16,19.16,47,1,0
155,2026-02-18 10:26:16.827297,45,40,195.66,11,4,0
156,2026-02-18 10:26:16.827297,42,19,87.31,37,1,0
157,2026-02-19 10:26:16.827297,56,18,175.44,0,5,0
158,2026-02-25 10:26:16.827297,50,1,158.65,30,2,0
159,2026-02-20 10:26:16.827297,18,14,117.73,3,5,0
160,2026-02-09 10:26:16.827297,44,51,150.31,48,9,1
161,2026-02-17 10:26:16.827297,30,47,176.92,44,8,1
162,2026-02-13 10:26:16.827297,58,50,86.79,49,0,0
163,2026-02-21 10:26:16.827297,20,2,72.14,4,5,1
164,2026-02-17 10:26:16.827297,56,54,136.84,29,8,1
165,2026-02-20 10:26:16.827297,23,28,163.49,23,3,0
166,2026-03-01 10:26:16.827297,25,49,154.83,2,1,0
167,2026-02-15 10:26:16.827297,44,50,161.58,10,3,0
168,2026-03-01 10:26:16.827297,26,30,92.76,44,0,0
169,2026-02-13 10:26:16.827297,54,38,165.39,3,2,0
170,2026-02-12 10:26:16.827297,50,51,32.84,25,9,1
171,2026-02-28 10:26:16.827297,59,4,113.45,26,8,1
172,2026-03-01 10:26:16.827297,41,1,11.09,45,9,1
173,2026-02-06 10:26:16.827297,32,8,71.67,42,4,0
174,2026-02-16 10:26:16.827297,49,29,79.63,26,5,0
175,2026-02-20 10:26:16.827297,49,55,85.27,41,2,0
176,2026-02-24 10:26:16.827297,41,39,142.14,49,4,0
177,2026-02-08 10:26:16.827297,58,3,83.83,5,7,1
178,2026-02-03 10:26:16.827297,29,32,95.25,14,5,0
179,2026-02-03 10:26:16.827297,56,10,55.13,29,3,0
180,2026-02-15 10:26:16.827297,19,10,80.92,41,1,0
181,2026-02-25 10:26:16.827297,20,19,53.18,36,8,1
182,2026-02-21 10:26:16.827297,54,46,23.91,36,0,0
183,2026-02-14 10:26:16.827297,34,34,124.66,41,0,0
184,2026-03-03 10:26:16.827297,19,33,136.96,36,3,0
185,2026-03-01 10:26:16.827297,19,23,127.7,34,6,1
186,2026-02-28 10:26:16.827297,45,55,98.06,22,0,0
187,2026-02-19 10:26:16.827297,40,28,82.16,5,8,1
188,2026-02-26 10:26:16.827297,54,32,174.03,3,3,0
189,2026-02-06 10:26:16.827297,49,50,108.63,17,2,0
190,2026-02-18 10:26:16.827297,50,7,101.04,8,0,0
191,2026-02-27 10:26:16.827297,18,29,14.87,48,9,1
192,2026-02-16 10:26:16.827297,36,8,74.84,28,3,0
193,2026-02-17 10:26:16.827297,19,1,82.24,12,8,1
194,2026-02-17 10:26:16.827297,43,57,85.78,46,9,1
195,2026-02-02 10:26:16.827297,49,55,120.23,16,5,0
196,2026-02-28 10:26:16.827297,23,3,111.38,44,5,0
197,2026-02-24 10:26:16.827297,49,24,125.5,31,0,0
198,2026-02-05 10:26:16.827297,21,23,155.33,47,9,1
199,2026-02-16 10:26:16.827297,28,59,164.47,21,1,0
200,2026-02-04 10:26:16.827297,34,8,146.44,3,5,0
201,2026-02-16 10:26:16.827297,55,54,191.55,4,1,0
202,2026-02-02 10:26:16.827297,41,57,13.46,36,2,0
203,2026-02-28 10:26:16.827297,22,47,47.2,40,3,0
204,2026-02-19 10:26:16.827297,51,37,11.44,48,4,0
205,2026-02-06 10:26:16.827297,23,3,133.02,12,8,1
206,2026-02-04 10:26:16.827297,39,51,180.63,33,3,0
207,2026-02-19 10:26:16.827297,28,33,56.26,44,8,1
208,2026-03-02 10:26:16.827297,33,28,186.14,21,9,1
209,2026-03-01 10:26:16.827297,50,47,21.45,22,2,0
210,2026-02-10 10:26:16.827297,26,8,187.54,2,7,1
211,2026-02-24 10:26:16.827297,23,34,76.81,41,0,0
212,2026-02-08 10:26:16.827297,33,35,29.27,33,8,1
213,2026-02-17 10:26:16.827297,46,32,102.32,31,8,1
214,2026-02-21 10:26:16.827297,20,24,58.79,44,9,1
215,2026-02-23 10:26:16.827297,37,14,64.13,48,1,0
216,2026-02-25 10:26:16.827297,53,32,68.39,20,3,0
217,2026-02-19 10:26:16.827297,36,56,162.57,45,7,1
218,2026-03-02 10:26:16.827297,43,46,112.44,43,6,1
219,2026-02-24 10:26:16.827297,20,43,69.15,20,0,0
220,2026-02-25 10:26:16.827297,36,16,125.96,43,4,0
221,2026-02-08 10:26:16.827297,37,4,146.07,10,6,1
222,2026-02-20 10:26:16.827297,49,52,61.8,38,3,0
223,2026-02-13 10:26:16.827297,24,37,88.57,3,0,0
224,2026-02-25 10:26:16.827297,58,54,33.16,0,8,1
225,2026-02-22 10:26:16.827297,50,21,44.42,27,4,0
226,2026-02-03 10:26:16.827297,57,14,139.41,23,1,0
227,2026-02-07 10:26:16.827297,56,31,44.47,34,7,1
228,2026-02-16 10:26:16.827297,35,55,109.78,12,1,0
229,2026-03-01 10:26:16.827297,57,48,144.72,46,2,0
230,2026-02-02 10:26:16.827297,18,18,30.31,33,9,1
231,2026-02-22 10:26:16.827297,28,7,117.79,10,0,0
232,2026-02-26 10:26:16.827297,45,10,58.75,35,1,0
233,2026-02-14 10:26:16.827297,42,7,192.96,16,6,1
234,2026-02-14 10:26:16.827297,40,33,101.87,34,9,1
235,2026-02-27 10:26:16.827297,48,23,163.14,17,1,0
236,2026-02-11 10:26:16.827297,47,21,114.54,39,5,0
237,2026-02-03 10:26:16.827297,59,19,18.25,21,2,0
238,2026-02-25 10:26:16.827297,52,48,130.3,23,3,0
239,2026-02-04 10:26:16.827297,24,19,190.77,18,7,1
240,2026-03-02 10:26:16.827297,33,36,124.31,36,2,0
241,2026-02-21 10:26:16.827297,43,29,165.65,38,9,1
242,2026-02-02 10:26:16.827297,19,18,178.0,20,5,0
243,2026-02-19 10:26:16.827297,18,2,53.34,7,0,0
244,2026-02-09 10:26:16.827297,29,1,50.29,27,6,1
245,2026-02-27 10:26:16.827297,22,47,126.09,4,7,1
246,2026-02-02 10:26:16.827297,54,5,88.1,16,7,1
247,2026-02-26 10:26:16.827297,49,20,169.57,36,2,0
248,2026-02-08 10:26:16.827297,26,11,181.0,35,9,1
249,2026-02-06 10:26:16.827297,58,42,77.15,18,0,0
250,2026-02-03 10:26:16.827297,52,2,55.01,26,8,1
251,2026-02-18 10:26:16.827297,36,3,158.3,33,5,0
252,2026-02-20 10:26:16.827297,33,23,62.21,10,8,1
253,2026-02-28 10:26:16.827297,20,55,166.3,44,6,1
254,2026-02-03 10:26:16.827297,37,12,90.51,46,0,0
255,2026-02-09 10:26:16.827297,41,20,136.83,11,0,0
256,2026-02-26 10:26:16.827297,50,5,28.15,20,5,0
257,2026-02-22 10:26:16.827297,41,37,128.53,10,4,0
258,2026-02-14 10:26:16.827297,28,38,95.84,38,8,1
259,2026-02-17 10:26:16.827297,25,30,121.46,27,1,0
260,2026-02-24 10:26:16.827297,53,9,41.92,4,7,1
261,2026-02-06 10:26:16.827297,55,34,150.01,16,4,0
262,2026-02-23 10:26:16.827297,57,53,173.93,19,1,0
263,2026-02-27 10:26:16.827297,37,44,51.18,40,9,1
264,2026-02-22 10:26:16.827297,52,35,28.19,45,5,0
265,2026-02-12 10:26:16.827297,42,52,14.49,11,9,1
266,2026-02-26 10:26:16.827297,52,58,131.97,5,7,1
267,2026-02-16 10:26:16.827297,42,22,125.35,16,3,0
268,2026-02-08 10:26:16.827297,46,44,113.87,18,1,0
269,2026-02-05 10:26:16.827297,35,24,54.07,25,4,0
270,2026-03-01 10:26:16.827297,35,17,84.27,47,1,0
271,2026-02-22 10:26:16.827297,19,10,122.95,43,1,0
272,2026-02-21 10:26:16.827297,52,30,104.39,43,5,0
273,2026-02-21 10:26:16.827297,33,56,197.68,31,9,1
274,2026-02-15 10:26:16.827297,58,59,35.92,5,8,1
275,2026-02-28 10:26:16.827297,53,46,142.08,35,3,0
276,2026-02-28 10:26:16.827297,50,23,86.82,37,5,0
277,2026-02-15 10:26:16.827297,21,32,91.36,10,6,1
278,2026-02-23 10:26:16.827297,50,17,146.34,32,5,0
279,2026-02-13 10:26:16.827297,31,50,141.56,23,7,1
280,2026-02-27 10:26:16.827297,38,51,198.34,22,3,0
281,2026-02-10 10:26:16.827297,37,17,34.39,14,0,0
282,2026-02-08 10:26:16.827297,25,14,29.78,26,6,1
283,2026-02-26 10:26:16.827297,24,9,147.62,10,2,0
284,2026-03-01 10:26:16.827297,20,40,119.89,49,5,0
285,2026-02-10 10:26:16.827297,34,2,62.09,16,1,0
286,2026-03-03 10:26:16.827297,50,45,25.09,13,8,1
287,2026-02-12 10:26:16.827297,29,25,26.28,26,0,0
288,2026-02-10 10:26:16.827297,39,39,179.9,17,5,0
289,2026-02-16 10:26:16.827297,39,9,46.45,27,5,0
290,2026-02-09 10:26:16.827297,47,54,71.44,46,4,0
291,2026-02-21 10:26:16.827297,55,22,53.06,46,4,0
292,2026-02-19 10:26:16.827297,55,43,77.45,3,0,0
293,2026-02-05 10:26:16.827297,25,46,23.19,6,9,1
294,2026-02-22 10:26:16.827297,44,4,108.62,44,4,0
295,2026-03-01 10:26:16.827297,44,26,22.85,34,1,0
296,2026-02-23 10:26:16.827297,51,58,162.07,47,6,1
297,2026-02-04 10:26:16.827297,38,29,54.41,8,2,0
298,2026-02-20 10:26:16.827297,47,45,112.6,7,3,0
299,2026-02-09 10:26:16.827297,50,34,177.22,44,2,0
300,2026-02-18 10:26:16.827297,45,23,133.67,16,2,0
301,2026-03-03 10:26:16.827297,50,37,111.26,16,3,0
302,2026-02-14 10:26:16.827297,22,11,71.62,48,4,0
303,2026-02-15 10:26:16.827297,36,6,73.27,32,0,0
304,2026-02-05 10:26:16.827297,21,18,137.2,31,3,0
305,2026-02-23 10:26:16.827297,52,21,198.89,7,7,1
306,2026-02-23 10:26:16.827297,34,42,135.75,18,9,1
307,2026-02-09 10:26:16.827297,45,36,115.98,37,6,1
308,2026-02-22 10:26:16.827297,47,41,148.82,2,8,1
309,2026-02-13 10:26:16.827297,46,38,98.39,4,4,0
310,2026-02-03 10:26:16.827297,23,34,21.43,12,9,1
311,2026-02-17 10:26:16.827297,52,17,116.84,46,3,0
312,2026-02-27 10:26:16.827297,58,37,191.95,45,7,1
313,2026-02-17 10:26:16.827297,54,25,43.31,30,8,1
314,2026-02-12 10:26:16.827297,41,38,141.1,15,6,1
315,2026-02-09 10:26:16.827297,46,58,48.18,49,6,1
316,2026-02-02 10:26:16.827297,48,12,111.81,31,4,0
317,2026-02-07 10:26:16.827297,52,23,28.37,21,3,0
318,2026-02-04 10:26:16.827297,50,53,95.57,28,9,1
319,2026-03-02 10:26:16.827297,38,42,153.67,21,0,0
320,2026-02-19 10:26:16.827297,49,22,76.04,42,9,1
321,2026-02-08 10:26:16.827297,40,21,136.33,2,9,1
322,2026-02-16 10:26:16.827297,50,27,161.14,9,6,1
323,2026-02-17 10:26:16.827297,20,57,186.16,41,0,0
324,2026-02-07 10:26:16.827297,35,31,54.58,20,0,0
325,2026-02-22 10:26:16.827297,42,6,85.87,15,4,0
326,2026-02-18 10:26:16.827297,59,27,38.96,11,8,1
327,2026-02-22 10:26:16.827297,48,40,198.57,1,5,0
328,2026-02-07 10:26:16.827297,20,34,186.13,40,2,0
329,2026-02-18 10:26:16.827297,57,12,112.59,23,2,0
330,2026-02-06 10:26:16.827297,41,45,169.99,34,6,1
331,2026-02-02 10:26:16.827297,49,57,108.98,29,5,0
332,2026-02-09 10:26:16.827297,39,53,128.48,29,8,1
333,2026-02-23 10:26:16.827297,40,7,26.93,46,5,0
334,2026-02-07 10:26:16.827297,19,10,153.5,34,4,0
335,2026-02-18 10:26:16.827297,44,45,34.27,18,9,1
336,2026-03-01 10:26:16.827297,59,17,166.95,49,6,1
337,2026-02-12 10:26:16.827297,19,26,158.59,7,0,0
338,2026-02-16 10:26:16.827297,43,21,144.66,25,6,1
339,2026-03-02 10:26:16.827297,34,28,16.87,48,2,0
340,2026-02-22 10:26:16.827297,57,58,67.59,39,8,1
341,2026-03-01 10:26:16.827297,50,46,59.99,6,5,0
342,2026-02-21 10:26:16.827297,26,2,78.43,29,8,1
343,2026-02-21 10:26:16.827297,56,54,26.65,6,4,0
344,2026-02-11 10:26:16.827297,46,43,188.02,2,6,1
345,2026-02-11 10:26:16.827297,59,1,115.22,0,3,1
346,2026-02-10 10:26:16.827297,43,51,68.05,35,6,1
347,2026-02-19 10:26:16.827297,52,53,85.43,24,0,0
348,2026-02-25 10:26:16.827297,42,36,94.97,36,6,1
349,2026-02-09 10:26:16.827297,41,51,124.11,0,7,1
350,2026-02-15 10:26:16.827297,30,26,107.98,14,4,0
351,2026-02-02 10:26:16.827297,24,29,184.68,36,1,0
352,2026-03-02 10:26:16.827297,53,21,104.42,12,4,0
353,2026-02-20 10:26:16.827297,37,11,198.51,39,5,0
354,2026-02-07 10:26:16.827297,18,40,171.77,7,1,0
355,2026-02-22 10:26:16.827297,25,11,49.62,4,5,0
356,2026-02-14 10:26:16.827297,33,36,186.81,8,5,0
357,2026-02-10 10:26:16.827297,31,49,32.11,0,0,0
358,2026-02-05 10:26:16.827297,29,59,165.32,35,0,0
359,2026-02-21 10:26:16.827297,40,39,82.32,34,9,1
360,2026-02-16 10:26:16.827297,32,40,176.82,1,2,0
361,2026-02-15 10:26:16.827297,45,35,174.93,39,9,1
362,2026-02-13 10:26:16.827297,51,54,163.13,22,9,1
363,2026-02-14 10:26:16.827297,19,34,160.11,8,2,0
364,2026-03-01 10:26:16.827297,49,55,67.89,33,3,0
365,2026-02-11 10:26:16.827297,40,47,25.37,45,1,0
366,2026-02-05 10:26:16.827297,39,24,86.57,13,8,1
367,2026-02-06 10:26:16.827297,42,54,42.97,3,9,1
368,2026-02-16 10:26:16.827297,39,22,142.04,29,6,1
369,2026-02-26 10:26:16.827297,39,5,75.76,30,6,1
370,2026-02-07 10:26:16.827297,59,56,195.37,37,5,0
371,2026-02-20 10:26:16.827297,23,33,131.78,10,2,0
372,2026-02-21 10:26:16.827297,32,58,166.27,34,5,0
373,2026-02-17 10:26:16.827297,54,36,35.18,7,7,1
374,2026-02-17 10:26:16.827297,50,47,173.78,2,7,1
375,2026-02-16 10:26:16.827297,25,20,185.32,13,8,1
376,2026-02-22 10:26:16.827297,22,19,102.54,12,0,0
377,2026-02-20 10:26:16.827297,56,35,125.19,44,0,0
378,2026-02-04 10:26:16.827297,21,52,155.31,31,2,0
379,2026-02-19 10:26:16.827297,23,43,43.22,33,2,0
380,2026-02-28 10:26:16.827297,49,17,105.49,44,9,1
381,2026-02-25 10:26:16.827297,47,59,85.75,18,7,1
382,2026-02-10 10:26:16.827297,52,45,37.81,37,9,1
383,2026-03-02 10:26:16.827297,57,43,79.83,15,0,0
384,2026-02-06 10:26:16.827297,33,34,22.95,1,1,0
385,2026-02-05 10:26:16.827297,30,9,14.9,39,1,0
386,2026-02-05 10:26:16.827297,59,26,35.68,16,2,0
387,2026-02-05 10:26:16.827297,47,2,192.99,33,5,0
388,2026-02-17 10:26:16.827297,36,53,114.41,41,0,0
389,2026-02-24 10:26:16.827297,34,9,193.51,15,1,0
390,2026-02-25 10:26:16.827297,36,9,92.17,37,0,0
391,2026-02-17 10:26:16.827297,45,40,69.25,1,4,0
392,2026-02-09 10:26:16.827297,43,17,106.17,1,6,1
393,2026-02-18 10:26:16.827297,54,1,93.51,25,7,1
394,2026-02-24 10:26:16.827297,43,25,30.08,12,9,1
395,2026-02-04 10:26:16.827297,40,43,131.76,46,0,0
396,2026-02-20 10:26:16.827297,26,40,51.05,30,6,1
397,2026-02-19 10:26:16.827297,29,42,127.72,33,4,0
398,2026-02-02 10:26:16.827297,18,25,133.54,38,9,1
399,2026-02-21 10:26:16.827297,18,39,38.88,2,0,0
400,2026-02-15 10:26:16.827297,51,35,21.66,7,2,0
401,2026-02-03 10:26:16.827297,49,3,158.34,22,6,1
402,2026-02-15 10:26:16.827297,42,50,97.36,13,9,1
403,2026-02-08 10:26:16.827297,57,37,21.05,26,0,0
404,2026-02-28 10:26:16.827297,18,44,199.02,28,6,1
405,2026-02-11 10:26:16.827297,33,44,20.98,38,4,0
406,2026-02-24 10:26:16.827297,56,51,142.06,38,0,0
407,2026-02-27 10:26:16.827297,22,30,196.9,0,0,0
408,2026-02-06 10:26:16.827297,39,38,55.44,16,0,0
409,2026-02-16 10:26:16.827297,46,34,37.03,40,8,1
410,2026-02-28 10:26:16.827297,20,12,33.06,29,2,0
411,2026-02-04 10:26:16.827297,29,19,67.62,12,4,0
412,2026-02-10 10:26:16.827297,43,37,29.2,20,9,1
413,2026-02-03 10:26:16.827297,33,44,141.51,18,8,1
414,2026-02-17 10:26:16.827297,54,59,21.84,18,5,0
415,2026-02-20 10:26:16.827297,39,59,106.79,24,8,1
416,2026-02-27 10:26:16.827297,46,49,199.37,21,7,1
417,2026-02-02 10:26:16.827297,31,17,164.65,30,7,1
418,2026-02-09 10:26:16.827297,45,10,126.89,16,0,0
419,2026-02-16 10:26:16.827297,22,57,68.19,22,8,1
420,2026-02-18 10:26:16.827297,47,55,128.54,31,5,0
421,2026-02-22 10:26:16.827297,22,49,110.14,9,8,1
422,2026-02-25 10:26:16.827297,29,47,90.96,9,2,0
423,2026-02-19 10:26:16.827297,33,12,34.83,35,2,0
424,2026-02-12 10:26:16.827297,43,16,178.45,7,5,0
425,2026-02-04 10:26:16.827297,43,24,95.46,19,8,1
426,2026-02-03 10:26:16.827297,38,19,46.98,31,6,1
427,2026-02-27 10:26:16.827297,56,8,79.87,49,2,0
428,2026-02-03 10:26:16.827297,53,31,88.68,13,2,0
429,2026-03-01 10:26:16.827297,50,21,167.23,49,1,0
430,2026-02-17 10:26:16.827297,47,17,149.39,27,8,1
431,2026-02-28 10:26:16.827297,54,23,156.17,45,2,0
432,2026-02-17 10:26:16.827297,40,37,12.1,23,4,0
433,2026-02-18 10:26:16.827297,27,54,89.07,14,8,1
434,2026-02-12 10:26:16.827297,22,16,101.46,21,7,1
435,2026-02-13 10:26:16.827297,53,6,13.65,29,1,0
436,2026-02-19 10:26:16.827297,51,8,59.36,3,2,0
437,2026-02-22 10:26:16.827297,48,25,154.46,12,1,0
438,2026-02-11 10:26:16.827297,27,18,36.05,22,7,1
439,2026-02-27 10:26:16.827297,36,25,111.71,7,5,0
440,2026-02-05 10:26:16.827297,49,12,50.89,17,5,0
441,2026-02-09 10:26:16.827297,18,15,12.3,11,8,1
442,2026-02-12 10:26:16.827297,22,59,55.83,30,7,1
443,2026-02-03 10:26:16.827297,21,26,195.42,13,3,0
444,2026-02-12 10:26:16.827297,33,41,162.29,33,3,0
445,2026-02-07 10:26:16.827297,41,45,192.32,17,8,1
446,2026-02-26 10:26:16.827297,33,26,102.69,33,0,0
447,2026-02-28 10:26:16.827297,19,47,30.85,10,1,0
448,2026-03-02 10:26:16.827297,45,32,114.11,40,1,0
449,2026-02-10 10:26:16.827297,49,10,96.33,11,5,0
450,2026-02-16 10:26:16.827297,44,16,170.43,48,3,0
451,2026-02-14 10:26:16.827297,37,7,28.64,14,9,1
452,2026-02-27 10:26:16.827297,41,17,102.77,30,2,0
453,2026-02-10 10:26:16.827297,29,23,38.51,48,2,0
454,2026-02-28 10:26:16.827297,52,26,71.69,28,2,0
455,2026-02-02 10:26:16.827297,50,21,150.1,25,5,0
456,2026-02-19 10:26:16.827297,50,22,100.44,17,7,1
457,2026-02-13 10:26:16.827297,54,58,81.42,31,6,1
458,2026-02-09 10:26:16.827297,29,7,84.95,21,3,0
459,2026-03-02 10:26:16.827297,20,14,97.29,37,3,0
460,2026-02-19 10:26:16.827297,18,15,159.15,16,9,1
461,2026-02-21 10:26:16.827297,50,53,179.5,22,1,0
462,2026-02-02 10:26:16.827297,57,7,191.51,23,0,0
463,2026-02-10 10:26:16.827297,27,9,159.51,49,8,1
464,2026-02-03 10:26:16.827297,46,51,69.93,7,1,0
465,2026-02-28 10:26:16.827297,30,48,140.75,40,7,1
466,2026-02-10 10:26:16.827297,29,8,93.14,5,8,1
467,2026-02-12 10:26:16.827297,48,50,58.39,4,3,0
468,2026-02-12 10:26:16.827297,19,59,169.77,43,7,1
469,2026-02-17 10:26:16.827297,52,23,17.3,28,8,1
470,2026-02-28 10:26:16.827297,40,29,181.33,27,9,1
471,2026-02-23 10:26:16.827297,34,18,97.68,10,9,1
472,2026-02-25 10:26:16.827297,43,31,131.07,0,4,0
473,2026-02-13 10:26:16.827297,25,30,135.28,42,6,1
474,2026-02-13 10:26:16.827297,46,52,180.07,18,9,1
475,2026-02-26 10:26:16.827297,43,39,130.97,8,3,0
476,2026-02-26 10:26:16.827297,27,35,126.65,26,0,0
477,2026-02-12 10:26:16.827297,43,18,22.66,33,2,0
478,2026-02-17 10:26:16.827297,51,59,108.5,43,4,0
479,2026-02-17 10:26:16.827297,58,42,38.53,3,2,0
480,2026-02-07 10:26:16.827297,24,39,150.11,35,6,1
481,2026-02-12 10:26:16.827297,21,17,107.32,17,8,1
482,2026-02-23 10:26:16.827297,28,14,139.24,14,5,0
483,2026-02-28 10:26:16.827297,46,31,17.92,12,9,1
484,2026-02-14 10:26:16.827297,53,24,26.11,18,0,0
485,2026-02-14 10:26:16.827297,42,35,146.1,48,6,1
486,2026-02-27 10:26:16.827297,38,44,23.7,5,2,0
487,2026-02-12 10:26:16.827297,53,45,23.54,47,4,0
488,2026-02-09 10:26:16.827297,27,34,12.3,11,9,1
489,2026-02-02 10:26:16.827297,54,3,191.74,36,3,0
490,2026-02-21 10:26:16.827297,26,37,150.13,16,9,1
491,2026-02-27 10:26:16.827297,41,43,77.12,22,4,0
492,2026-02-10 10:26:16.827297,52,40,66.34,25,4,0
493,2026-02-06 10:26:16.827297,52,26,76.44,28,5,0
494,2026-02-28 10:26:16.827297,53,55,157.18,32,9,1
495,2026-02-03 10:26:16.827297,35,23,135.66,26,9,1
496,2026-02-20 10:26:16.827297,56,44,45.19,24,5,0
497,2026-03-02 10:26:16.827297,49,39,43.08,9,7,1
498,2026-02-19 10:26:16.827297,41,15,28.7,46,7,1
499,2026-02-22 10:26:16.827297,40,56,135.46,22,8,1
500,2026-02-23 10:26:16.827297,49,49,155.23,20,7,1
501,2026-02-22 10:26:16.827297,54,4,60.36,20,1,0
502,2026-02-25 10:26:16.827297,29,29,13.98,42,9,1
503,2026-02-28 10:26:16.827297,30,22,25.61,12,0,0
504,2026-02-13 10:26:16.827297,40,25,193.89,36,9,1
505,2026-02-22 10:26:16.827297,42,13,66.13,32,1,0
506,2026-02-02 10:26:16.827297,52,18,156.15,23,1,0
507,2026-03-01 10:26:16.827297,58,33,128.69,43,2,0
508,2026-02-07 10:26:16.827297,47,16,82.57,10,9,1
509,2026-02-11 10:26:16.827297,34,45,49.08,16,6,1
510,2026-02-03 10:26:16.827297,37,42,33.06,3,1,0
511,2026-02-13 10:26:16.827297,42,44,126.85,46,0,0
512,2026-02-11 10:26:16.827297,39,2,157.18,24,5,0
513,2026-03-02 10:26:16.827297,30,55,132.34,29,8,1
514,2026-02-05 10:26:16.827297,36,35,110.76,8,2,0
515,2026-02-12 10:26:16.827297,53,42,17.97,20,5,0
516,2026-02-22 10:26:16.827297,29,34,194.01,19,2,0
517,2026-03-02 10:26:16.827297,58,30,161.76,18,0,0
518,2026-03-02 10:26:16.827297,36,59,65.64,18,4,0
519,2026-02-04 10:26:16.827297,29,55,196.19,11,9,1
520,2026-02-08 10:26:16.827297,26,13,124.36,36,3,0
521,2026-02-15 10:26:16.827297,24,13,120.66,41,6,1
522,2026-02-16 10:26:16.827297,45,18,152.13,16,5,0
523,2026-02-16 10:26:16.827297,31,32,164.24,36,9,1
524,2026-02-18 10:26:16.827297,48,32,134.73,47,6,1
525,2026-02-25 10:26:16.827297,36,35,34.34,38,4,0
526,2026-02-11 10:26:16.827297,33,59,74.27,27,3,0
527,2026-02-21 10:26:16.827297,22,39,186.34,40,6,1
528,2026-02-08 10:26:16.827297,52,46,52.68,34,6,1
529,2026-03-03 10:26:16.827297,29,52,80.71,46,5,0
530,2026-02-21 10:26:16.827297,42,29,92.09,47,7,1
531,2026-02-09 10:26:16.827297,38,49,93.49,17,3,0
532,2026-02-11 10:26:16.827297,53,29,126.46,13,9,1
533,2026-02-28 10:26:16.827297,40,53,189.18,34,4,0
534,2026-02-25 10:26:16.827297,33,44,55.73,43,3,0
535,2026-02-06 10:26:16.827297,56,57,33.09,40,0,0
536,2026-02-17 10:26:16.827297,59,16,47.52,6,7,1
537,2026-02-14 10:26:16.827297,56,56,178.52,40,0,0
538,2026-02-20 10:26:16.827297,31,44,132.7,12,4,0
539,2026-02-15 10:26:16.827297,48,47,64.32,17,5,0
540,2026-03-03 10:26:16.827297,22,57,165.03,36,5,0
541,2026-02-21 10:26:16.827297,52,10,173.66,12,4,0
542,2026-02-04 10:26:16.827297,40,30,170.84,35,2,0
543,2026-03-03 10:26:16.827297,46,25,184.6,30,4,0
544,2026-02-17 10:26:16.827297,28,39,57.93,1,7,1
545,2026-02-04 10:26:16.827297,35,20,153.46,15,1,0
546,2026-02-11 10:26:16.827297,29,5,97.5,8,5,0
547,2026-02-22 10:26:16.827297,26,1,169.98,8,8,1
548,2026-02-25 10:26:16.827297,27,30,148.41,37,7,1
549,2026-03-02 10:26:16.827297,34,49,157.53,10,7,1
550,2026-02-22 10:26:16.827297,55,3,134.67,21,7,1
551,2026-02-08 10:26:16.827297,24,45,43.71,32,6,1
552,2026-02-28 10:26:16.827297,30,14,113.56,35,7,1
553,2026-02-20 10:26:16.827297,57,56,197.09,44,5,0
554,2026-02-13 10:26:16.827297,59,30,188.1,22,1,0
555,2026-02-06 10:26:16.827297,26,50,18.2,44,1,0
556,2026-02-21 10:26:16.827297,44,4,41.31,44,7,1
557,2026-02-24 10:26:16.827297,19,18,35.03,33,0,0
558,2026-02-14 10:26:16.827297,22,37,147.94,8,5,0
559,2026-02-21 10:26:16.827297,46,25,165.38,23,5,0
560,2026-02-21 10:26:16.827297,54,48,50.57,7,3,0
561,2026-02-19 10:26:16.827297,55,1,106.11,6,9,1
562,2026-03-01 10:26:16.827297,36,53,169.73,35,2,0
563,2026-02-20 10:26:16.827297,25,46,149.23,17,2,0
564,2026-03-01 10:26:16.827297,18,15,113.03,2,0,0
565,2026-02-22 10:26:16.827297,39,9,122.17,27,2,0
566,2026-02-05 10:26:16.827297,34,15,106.59,5,3,0
567,2026-02-15 10:26:16.827297,24,49,66.53,43,4,0
568,2026-02-10 10:26:16.827297,42,57,117.35,43,2,0
569,2026-03-02 10:26:16.827297,21,24,140.89,20,5,0
570,2026-02-15 10:26:16.827297,53,4,175.93,27,4,0
571,2026-02-16 10:26:16.827297,23,12,130.9,39,2,0
572,2026-03-02 10:26:16.827297,48,59,154.61,0,5,0
573,2026-02-04 10:26:16.827297,36,58,40.41,35,5,0
574,2026-02-10 10:26:16.827297,56,37,97.7,20,7,1
575,2026-02-02 10:26:16.827297,44,37,11.77,42,1,0
576,2026-02-12 10:26:16.827297,27,43,56.87,34,0,0
577,2026-02-26 10:26:16.827297,43,6,148.03,12,3,0
578,2026-02-04 10:26:16.827297,36,39,198.44,48,6,1
579,2026-02-07 10:26:16.827297,56,56,28.84,9,9,1
580,2026-02-03 10:26:16.827297,20,46,86.28,43,2,0
581,2026-02-22 10:26:16.827297,30,24,162.01,46,2,0
582,2026-02-04 10:26:16.827297,45,11,48.77,9,4,0
583,2026-02-22 10:26:16.827297,37,13,115.47,45,4,0
584,2026-02-24 10:26:16.827297,45,34,149.28,12,9,1
585,2026-03-03 10:26:16.827297,25,25,127.04,36,2,0
586,2026-02-19 10:26:16.827297,58,7,45.72,37,8,1
587,2026-02-08 10:26:16.827297,56,52,77.52,23,3,0
588,2026-02-23 10:26:16.827297,18,4,158.92,1,2,1
589,2026-02-10 10:26:16.827297,20,59,115.3,21,1,0
590,2026-02-22 10:26:16.827297,30,8,10.99,16,9,1
591,2026-02-17 10:26:16.827297,45,20,154.59,35,8,1
592,2026-02-27 10:26:16.827297,42,29,16.71,13,3,0
593,2026-02-10 10:26:16.827297,50,54,151.69,9,2,0
594,2026-02-16 10:26:16.827297,55,53,48.47,34,6,1
595,2026-02-19 10:26:16.827297,23,51,192.03,24,7,1
596,2026-02-10 10:26:16.827297,49,45,79.91,2,1,0
597,2026-02-07 10:26:16.827297,38,46,72.12,46,6,1
598,2026-02-12 10:26:16.827297,33,10,38.29,37,4,0
599,2026-02-14 10:26:16.827297,38,43,68.06,16,4,0
600,2026-02-21 10:26:16.827297,28,34,176.56,11,2,0
601,2026-02-05 10:26:16.827297,54,57,199.3,23,4,0
602,2026-02-23 10:26:16.827297,53,26,79.98,28,1,0
603,2026-02-16 10:26:16.827297,52,41,95.24,42,3,0
604,2026-03-02 10:26:16.827297,36,49,147.19,24,5,0
605,2026-02-06 10:26:16.827297,37,58,178.38,35,0,0
606,2026-02-07 10:26:16.827297,35,3,122.68,25,9,1
607,2026-03-02 10:26:16.827297,58,56,84.39,37,3,0
608,2026-02-20 10:26:16.827297,31,6,88.4,0,5,0
609,2026-02-24 10:26:16.827297,32,5,142.17,19,8,1
610,2026-02-23 10:26:16.827297,48,5,10.61,27,1,0
611,2026-02-20 10:26:16.827297,18,54,127.72,15,6,1
612,2026-02-06 10:26:16.827297,20,47,77.54,46,5,0
613,2026-02-23 10:26:16.827297,33,23,160.9,16,1,0
614,2026-02-22 10:26:16.827297,40,49,27.67,39,7,1
615,2026-02-07 10:26:16.827297,28,9,121.76,27,6,1
616,2026-03-02 10:26:16.827297,29,35,101.38,11,4,0
617,2026-02-16 10:26:16.827297,27,20,132.04,26,4,0
618,2026-02-12 10:26:16.827297,49,58,22.32,41,6,1
619,2026-02-25 10:26:16.827297,33,49,120.2,46,8,1
620,2026-02-04 10:26:16.827297,25,59,116.68,29,8,1
621,2026-03-02 10:26:16.827297,55,42,116.53,40,8,1
622,2026-03-03 10:26:16.827297,29,35,124.66,33,5,0
623,2026-02-13 10:26:16.827297,41,50,138.53,36,9,1
624,2026-02-04 10:26:16.827297,45,18,162.95,5,5,0
625,2026-02-28 10:26:16.827297,25,17,61.27,6,2,0
626,2026-02-08 10:26:16.827297,45,24,166.76,31,0,0
627,2026-02-10 10:26:16.827297,53,3,104.67,31,6,1
628,2026-02-05 10:26:16.827297,43,32,24.64,24,3,0
629,2026-03-02 10:26:16.827297,25,35,21.12,32,0,0
630,2026-02-07 10:26:16.827297,45,38,73.51,6,7,1
631,2026-02-18 10:26:16.827297,45,13,159.13,11,5,0
632,2026-03-02 10:26:16.827297,54,56,144.46,15,5,0
633,2026-02-03 10:26:16.827297,58,47,159.84,15,1,0
634,2026-02-17 10:26:16.827297,53,25,108.28,42,0,0
635,2026-02-20 10:26:16.827297,44,9,93.64,35,1,0
636,2026-02-27 10:26:16.827297,34,4,38.02,12,3,0
637,2026-02-04 10:26:16.827297,26,14,72.36,6,1,0
638,2026-02-12 10:26:16.827297,50,37,92.46,35,0,0
639,2026-02-03 10:26:16.827297,37,34,26.83,46,6,1
640,2026-02-25 10:26:16.827297,30,11,51.92,8,7,1
641,2026-02-08 10:26:16.827297,45,41,123.66,31,5,0
642,2026-02-11 10:26:16.827297,46,56,149.78,10,3,0
643,2026-02-22 10:26:16.827297,30,3,199.69,7,5,0
644,2026-02-18 10:26:16.827297,52,59,187.29,32,2,0
645,2026-02-18 10:26:16.827297,23,28,132.09,22,7,1
646,2026-02-27 10:26:16.827297,35,29,90.04,24,9,1
647,2026-02-14 10:26:16.827297,22,9,130.87,7,1,0
648,2026-02-08 10:26:16.827297,42,3,159.27,44,4,0
649,2026-02-18 10:26:16.827297,19,25,32.48,21,0,0
650,2026-03-02 10:26:16.827297,27,34,87.88,3,5,0
651,2026-02-06 10:26:16.827297,47,12,169.56,39,1,0
652,2026-02-20 10:26:16.827297,22,42,82.93,2,3,0
653,2026-02-10 10:26:16.827297,50,9,118.66,28,5,0
654,2026-02-08 10:26:16.827297,18,15,121.68,40,9,1
655,2026-02-26 10:26:16.827297,35,40,45.05,28,7,1
656,2026-02-28 10:26:16.827297,49,25,78.82,33,7,1
657,2026-02-19 10:26:16.827297,28,5,73.56,33,5,0
658,2026-02-28 10:26:16.827297,38,11,14.98,27,3,0
659,2026-02-10 10:26:16.827297,43,59,14.6,12,7,1
660,2026-02-18 10:26:16.827297,42,34,168.02,14,7,1
661,2026-02-16 10:26:16.827297,39,24,61.88,22,9,1
662,2026-02-03 10:26:16.827297,44,15,108.43,43,0,0
663,2026-02-28 10:26:16.827297,30,38,66.76,25,3,0
664,2026-02-08 10:26:16.827297,50,8,188.73,3,3,0
665,2026-02-07 10:26:16.827297,51,59,59.27,25,6,1
666,2026-03-03 10:26:16.827297,58,5,91.63,39,6,1
667,2026-02-19 10:26:16.827297,52,48,175.82,8,7,1
668,2026-02-28 10:26:16.827297,18,26,169.97,4,4,0
669,2026-02-12 10:26:16.827297,38,18,45.36,31,6,1
670,2026-02-14 10:26:16.827297,23,6,162.5,19,7,1
671,2026-02-26 10:26:16.827297,45,37,97.06,49,8,1
672,2026-03-01 10:26:16.827297,34,48,101.76,10,2,0
673,2026-02-09 10:26:16.827297,22,13,35.36,14,2,0
674,2026-02-19 10:26:16.827297,48,28,25.31,31,3,0
675,2026-02-05 10:26:16.827297,22,5,148.31,27,4,0
676,2026-02-16 10:26:16.827297,55,13,104.33,21,9,1
677,2026-02-05 10:26:16.827297,20,17,93.0,40,0,0
678,2026-02-27 10:26:16.827297,40,50,148.61,16,6,1
679,2026-02-28 10:26:16.827297,54,40,155.45,25,8,1
680,2026-02-11 10:26:16.827297,54,45,40.19,43,7,1
681,2026-02-24 10:26:16.827297,27,32,125.94,6,4,0
682,2026-02-13 10:26:16.827297,27,29,35.72,41,3,0
683,2026-02-18 10:26:16.827297,36,51,152.76,25,6,1
684,2026-02-25 10:26:16.827297,34,58,134.82,24,4,0
685,2026-02-18 10:26:16.827297,38,3,191.76,9,6,1
686,2026-02-26 10:26:16.827297,31,56,23.1,44,0,0
687,2026-02-20 10:26:16.827297,26,40,20.84,18,0,0
688,2026-02-16 10:26:16.827297,18,34,63.62,10,9,1
689,2026-02-15 10:26:16.827297,30,40,59.72,12,2,0
690,2026-02-19 10:26:16.827297,21,27,56.93,7,1,0
691,2026-02-09 10:26:16.827297,18,13,182.19,39,1,0
692,2026-02-18 10:26:16.827297,57,45,57.41,3,6,1
693,2026-02-03 10:26:16.827297,49,33,61.67,46,9,1
694,2026-02-25 10:26:16.827297,51,6,154.29,30,1,0
695,2026-02-18 10:26:16.827297,45,24,95.45,27,3,0
696,2026-02-17 10:26:16.827297,48,19,157.58,10,1,0
697,2026-02-20 10:26:16.827297,25,16,22.42,42,5,0
698,2026-02-15 10:26:16.827297,56,40,102.64,0,7,1
699,2026-02-23 10:26:16.827297,43,28,16.39,48,9,1
700,2026-02-10 10:26:16.827297,51,33,21.9,46,3,0
701,2026-02-17 10:26:16.827297,20,59,182.22,37,4,0
702,2026-02-20 10:26:16.827297,29,59,36.46,23,3,0
703,2026-03-02 10:26:16.827297,18,48,111.16,46,2,0
704,2026-02-27 10:26:16.827297,22,41,88.11,30,4,0
705,2026-02-19 10:26:16.827297,47,13,76.0,40,8,1
706,2026-02-05 10:26:16.827297,47,43,180.97,45,7,1
707,2026-02-12 10:26:16.827297,34,45,14.15,49,7,1
708,2026-02-09 10:26:16.827297,40,25,136.12,25,7,1
709,2026-02-24 10:26:16.827297,32,53,193.04,48,7,1
710,2026-02-05 10:26:16.827297,54,42,116.43,49,6,1
711,2026-02-18 10:26:16.827297,38,36,188.0,4,7,1
712,2026-02-17 10:26:16.827297,31,27,19.93,19,7,1
713,2026-02-21 10:26:16.827297,19,38,89.57,40,7,1
714,2026-03-03 10:26:16.827297,28,7,59.43,10,9,1
715,2026-02-11 10:26:16.827297,56,5,148.86,32,6,1
716,2026-03-01 10:26:16.827297,55,43,196.45,49,0,0
717,2026-02-15 10:26:16.827297,51,45,58.74,37,3,0
718,2026-02-04 10:26:16.827297,55,58,134.29,26,3,0
719,2026-02-13 10:26:16.827297,51,57,47.64,33,4,0
720,2026-02-18 10:26:16.827297,35,51,117.41,14,9,1
721,2026-02-10 10:26:16.827297,47,31,98.15,31,5,0
722,2026-02-02 10:26:16.827297,32,23,194.68,20,3,0
723,2026-02-09 10:26:16.827297,44,42,125.62,45,1,0
724,2026-02-24 10:26:16.827297,51,10,76.41,4,5,0
725,2026-02-19 10:26:16.827297,55,32,31.68,5,7,1
726,2026-02-05 10:26:16.827297,50,43,38.74,37,7,1
727,2026-02-12 10:26:16.827297,41,53,52.81,21,6,1
728,2026-03-01 10:26:16.827297,32,30,57.68,17,5,0
729,2026-02-27 10:26:16.827297,47,39,171.62,13,1,0
730,2026-02-23 10:26:16.827297,59,31,116.63,9,6,1
731,2026-02-03 10:26:16.827297,34,18,109.44,45,4,0
732,2026-02-26 10:26:16.827297,22,36,31.81,12,5,0
733,2026-02-07 10:26:16.827297,46,2,173.43,30,9,1
734,2026-02-10 10:26:16.827297,21,14,147.33,29,7,1
735,2026-03-02 10:26:16.827297,27,13,22.86,2,7,1
736,2026-02-19 10:26:16.827297,34,29,144.49,29,2,0
737,2026-02-27 10:26:16.827297,27,12,113.27,5,6,1
738,2026-02-04 10:26:16.827297,34,39,25.53,28,0,0
739,2026-02-05 10:26:16.827297,37,2,97.08,7,0,0
740,2026-02-07 10:26:16.827297,41,32,102.09,43,6,1
741,2026-02-24 10:26:16.827297,22,13,41.5,44,9,1
742,2026-02-09 10:26:16.827297,51,46,189.68,42,8,1
743,2026-03-03 10:26:16.827297,23,27,171.5,43,6,1
744,2026-02-12 10:26:16.827297,19,49,137.11,32,9,1
745,2026-02-20 10:26:16.827297,30,41,97.84,16,4,0
746,2026-02-09 10:26:16.827297,28,17,88.24,47,7,1
747,2026-02-21 10:26:16.827297,40,40,133.68,10,1,0
748,2026-02-25 10:26:16.827297,33,31,113.63,12,8,1
749,2026-02-17 10:26:16.827297,48,34,21.83,49,5,0
750,2026-02-10 10:26:16.827297,28,24,107.38,10,8,1
751,2026-02-08 10:26:16.827297,33,45,163.22,30,1,0
752,2026-02-21 10:26:16.827297,25,35,97.26,27,2,0
753,2026-02-03 10:26:16.827297,21,48,19.87,43,7,1
754,2026-02-10 10:26:16.827297,57,6,159.39,5,0,0
755,2026-02-06 10:26:16.827297,21,19,48.26,40,9,1
756,2026-02-16 10:26:16.827297,42,30,59.14,15,6,1
757,2026-03-01 10:26:16.827297,20,7,41.29,3,6,1
758,2026-02-12 10:26:16.827297,49,10,72.74,34,0,0
759,2026-02-18 10:26:16.827297,20,41,153.78,47,8,1
760,2026-03-01 10:26:16.827297,44,32,108.68,25,7,1
761,2026-03-03 10:26:16.827297,46,34,48.93,11,3,0
762,2026-02-06 10:26:16.827297,49,28,176.79,10,9,1
763,2026-02-11 10:26:16.827297,36,15,177.12,36,4,0
764,2026-02-17 10:26:16.827297,38,30,175.41,24,1,0
765,2026-03-03 10:26:16.827297,22,37,55.37,17,8,1
766,2026-02-15 10:26:16.827297,35,29,95.74,18,5,0
767,2026-03-02 10:26:16.827297,45,22,197.15,22,2,0
768,2026-02-03 10:26:16.827297,59,4,156.68,37,6,1
769,2026-02-12 10:26:16.827297,39,20,15.16,17,8,1
770,2026-02-26 10:26:16.827297,38,32,22.39,25,2,0
771,2026-02-24 10:26:16.827297,23,36,98.15,5,1,0
772,2026-02-03 10:26:16.827297,18,50,182.75,3,6,1
773,2026-02-16 10:26:16.827297,22,4,112.35,43,6,1
774,2026-02-13 10:26:16.827297,58,27,104.58,28,3,0
775,2026-03-03 10:26:16.827297,29,17,30.04,33,8,1
776,2026-03-01 10:26:16.827297,43,12,134.79,16,7,1
777,2026-02-04 10:26:16.827297,51,22,166.2,42,0,0
778,2026-03-01 10:26:16.827297,31,17,82.28,42,0,0
779,2026-02-27 10:26:16.827297,43,10,157.37,15,4,0
780,2026-02-05 10:26:16.827297,44,54,193.25,1,5,0
781,2026-02-20 10:26:16.827297,26,1,48.72,33,2,0
782,2026-02-20 10:26:16.827297,43,22,109.43,7,8,1
783,2026-02-12 10:26:16.827297,39,26,64.56,12,9,1
784,2026-02-19 10:26:16.827297,47,56,160.64,41,5,0
785,2026-02-12 10:26:16.827297,34,59,119.74,7,3,0
786,2026-02-23 10:26:16.827297,43,18,130.57,29,6,1
787,2026-02-25 10:26:16.827297,53,50,161.6,31,7,1
788,2026-02-28 10:26:16.827297,18,14,85.23,35,8,1
789,2026-02-13 10:26:16.827297,25,47,183.87,46,5,0
790,2026-02-10 10:26:16.827297,52,29,111.28,29,5,0
791,2026-02-13 10:26:16.827297,32,12,40.01,0,7,1
792,2026-02-26 10:26:16.827297,39,36,142.22,42,4,0
793,2026-02-05 10:26:16.827297,31,59,160.72,38,2,0
794,2026-02-19 10:26:16.827297,43,35,70.18,16,2,0
795,2026-02-21 10:26:16.827297,45,52,172.86,19,5,0
796,2026-02-19 10:26:16.827297,40,12,182.17,23,1,0
797,2026-02-19 10:26:16.827297,31,7,62.61,49,5,0
798,2026-02-04 10:26:16.827297,41,29,196.87,21,5,0
799,2026-02-07 10:26:16.827297,19,11,36.74,28,7,1
800,2026-02-10 10:26:16.827297,43,33,48.38,21,6,1
801,2026-02-04 10:26:16.827297,31,6,45.0,43,7,1
802,2026-02-12 10:26:16.827297,24,47,179.86,8,8,1
803,2026-02-17 10:26:16.827297,20,15,134.32,36,5,0
804,2026-02-11 10:26:16.827297,40,32,38.9,9,2,0
805,2026-02-19 10:26:16.827297,35,51,93.66,35,9,1
806,2026-02-10 10:26:16.827297,55,11,126.91,36,2,0
807,2026-02-21 10:26:16.827297,52,58,25.86,27,0,0
808,2026-02-13 10:26:16.827297,32,23,177.66,27,4,0
809,2026-02-24 10:26:16.827297,42,26,162.68,41,3,0
810,2026-02-12 10:26:16.827297,54,34,105.99,42,8,1
811,2026-02-24 10:26:16.827297,45,46,193.75,20,8,1
812,2026-02-22 10:26:16.827297,27,34,89.37,23,4,0
813,2026-02-06 10:26:16.827297,56,29,196.98,41,9,1
814,2026-02-16 10:26:16.827297,34,4,136.9,39,3,0
815,2026-02-13 10:26:16.827297,56,17,130.59,1,6,1
816,2026-02-06 10:26:16.827297,39,35,41.53,7,5,0
817,2026-02-09 10:26:16.827297,43,13,177.57,47,3,0
818,2026-02-21 10:26:16.827297,42,41,91.22,26,9,1
819,2026-02-19 10:26:16.827297,34,39,40.82,21,1,0
820,2026-02-04 10:26:16.827297,30,15,12.4,36,0,0
821,2026-02-23 10:26:16.827297,37,55,116.35,26,3,0
822,2026-02-12 10:26:16.827297,42,29,110.21,28,3,0
823,2026-02-08 10:26:16.827297,21,29,146.68,2,0,0
824,2026-02-13 10:26:16.827297,27,11,179.15,43,5,0
825,2026-02-16 10:26:16.827297,20,52,25.09,12,3,0
826,2026-02-25 10:26:16.827297,58,32,148.98,44,0,0
827,2026-02-13 10:26:16.827297,35,2,45.61,9,0,0
828,2026-02-20 10:26:16.827297,53,47,173.05,35,0,0
829,2026-02-17 10:26:16.827297,39,14,165.62,8,7,1
830,2026-02-09 10:26:16.827297,51,20,112.75,26,9,1
831,2026-02-18 10:26:16.827297,25,22,144.95,33,7,1
832,2026-02-21 10:26:16.827297,57,11,69.73,0,1,0
833,2026-02-06 10:26:16.827297,36,27,99.52,31,6,1
834,2026-02-22 10:26:16.827297,59,3,166.11,24,7,1
835,2026-02-05 10:26:16.827297,58,17,97.26,28,7,1
836,2026-02-21 10:26:16.827297,54,44,77.98,6,9,1
837,2026-02-26 10:26:16.827297,23,56,103.9,48,6,1
838,2026-03-02 10:26:16.827297,43,28,167.37,2,4,0
839,2026-02-21 10:26:16.827297,51,29,73.69,19,0,0
840,2026-02-13 10:26:16.827297,23,21,43.01,19,8,1
841,2026-02-26 10:26:16.827297,54,47,145.28,29,6,1
842,2026-02-18 10:26:16.827297,50,16,166.94,34,1,0
843,2026-02-12 10:26:16.827297,39,37,29.12,34,5,0
844,2026-02-26 10:26:16.827297,38,59,55.58,48,1,0
845,2026-02-15 10:26:16.827297,23,20,36.97,38,0,0
846,2026-02-22 10:26:16.827297,23,6,76.11,26,6,1
847,2026-02-04 10:26:16.827297,21,19,95.57,25,1,0
848,2026-03-03 10:26:16.827297,47,57,152.28,13,1,0
849,2026-03-01 10:26:16.827297,28,5,133.72,16,4,0
850,2026-02-24 10:26:16.827297,47,3,127.98,17,4,0
851,2026-02-24 10:26:16.827297,48,59,76.95,44,6,1
852,2026-02-05 10:26:16.827297,41,1,169.88,28,0,0
853,2026-02-12 10:26:16.827297,26,58,99.54,19,7,1
854,2026-02-10 10:26:16.827297,20,38,196.03,26,2,0
855,2026-02-17 10:26:16.827297,48,15,130.49,17,3,0
856,2026-02-08 10:26:16.827297,57,34,33.99,3,8,1
857,2026-02-25 10:26:16.827297,54,35,138.47,0,3,0
858,2026-02-21 10:26:16.827297,53,49,71.77,49,9,1
859,2026-02-25 10:26:16.827297,41,25,140.4,0,4,0
860,2026-02-03 10:26:16.827297,48,24,23.23,25,6,1
861,2026-02-28 10:26:16.827297,23,12,43.23,44,3,0
862,2026-02-07 10:26:16.827297,19,18,172.59,19,0,0
863,2026-02-20 10:26:16.827297,37,15,53.16,22,8,1
864,2026-02-06 10:26:16.827297,45,44,169.04,9,3,0
865,2026-02-26 10:26:16.827297,28,16,63.06,10,8,1
866,2026-02-18 10:26:16.827297,21,27,132.15,40,5,0
867,2026-02-20 10:26:16.827297,32,8,141.89,40,0,0
868,2026-02-21 10:26:16.827297,23,46,107.4,4,2,0
869,2026-02-13 10:26:16.827297,47,25,68.01,0,1,0
870,2026-02-11 10:26:16.827297,55,17,50.4,16,8,1
871,2026-02-27 10:26:16.827297,19,29,16.31,21,0,0
872,2026-02-18 10:26:16.827297,32,53,67.75,33,8,1
873,2026-02-11 10:26:16.827297,28,8,134.1,44,8,1
874,2026-02-08 10:26:16.827297,25,15,188.28,40,7,1
875,2026-02-16 10:26:16.827297,43,27,175.53,28,7,1
876,2026-02-07 10:26:16.827297,22,46,155.55,3,0,0
877,2026-02-19 10:26:16.827297,23,50,159.8,4,7,1
878,2026-02-07 10:26:16.827297,43,52,136.35,10,9,1
879,2026-02-03 10:26:16.827297,21,7,59.45,20,2,0
880,2026-02-10 10:26:16.827297,36,3,182.37,34,6,1
881,2026-02-10 10:26:16.827297,37,29,137.44,11,0,0
882,2026-02-07 10:26:16.827297,50,44,116.48,25,0,0
883,2026-02-12 10:26:16.827297,37,53,31.09,18,9,1
884,2026-02-10 10:26:16.827297,29,24,94.94,44,4,0
885,2026-02-28 10:26:16.827297,18,58,97.47,6,4,0
886,2026-02-21 10:26:16.827297,43,3,174.27,46,7,1
887,2026-02-15 10:26:16.827297,31,20,113.86,6,6,1
888,2026-02-25 10:26:16.827297,55,46,82.28,25,7,1
889,2026-02-18 10:26:16.827297,54,15,195.59,39,5,0
890,2026-02-06 10:26:16.827297,28,25,31.04,4,5,0
891,2026-02-21 10:26:16.827297,53,30,90.28,20,1,0
892,2026-02-04 10:26:16.827297,30,14,17.98,13,5,0
893,2026-02-10 10:26:16.827297,20,7,150.58,3,4,0
894,2026-02-23 10:26:16.827297,50,17,184.43,22,2,0
895,2026-02-09 10:26:16.827297,23,44,63.21,41,5,0
896,2026-02-19 10:26:16.827297,27,20,173.08,19,7,1
897,2026-02-09 10:26:16.827297,22,36,65.52,14,8,1
898,2026-02-14 10:26:16.827297,40,9,183.05,49,0,0
899,2026-02-04 10:26:16.827297,27,38,153.25,44,2,0
900,2026-02-21 10:26:16.827297,19,48,162.93,28,2,0
901,2026-02-17 10:26:16.827297,30,57,13.42,7,7,1
902,2026-02-07 10:26:16.827297,57,22,192.93,40,0,0
903,2026-02-06 10:26:16.827297,19,54,148.07,47,4,0
904,2026-02-07 10:26:16.827297,37,53,67.9,18,2,0
905,2026-02-10 10:26:16.827297,18,53,167.58,47,1,0
906,2026-02-03 10:26:16.827297,54,2,63.49,38,7,1
907,2026-02-13 10:26:16.827297,26,24,175.82,45,2,0
908,2026-03-03 10:26:16.827297,34,8,31.39,27,6,1
909,2026-02-28 10:26:16.827297,26,11,143.7,45,0,0
910,2026-02-18 10:26:16.827297,28,13,112.73,26,5,0
911,2026-02-18 10:26:16.827297,32,17,28.34,3,2,0
912,2026-03-01 10:26:16.827297,41,8,55.96,14,7,1
913,2026-02-02 10:26:16.827297,55,21,12.36,34,5,0
914,2026-02-04 10:26:16.827297,52,18,99.07,36,1,0
915,2026-02-15 10:26:16.827297,47,30,67.24,0,5,0
916,2026-03-01 10:26:16.827297,48,18,123.69,2,6,1
917,2026-02-16 10:26:16.827297,22,46,66.48,46,4,0
918,2026-02-18 10:26:16.827297,31,47,66.98,23,2,0
919,2026-02-02 10:26:16.827297,28,31,151.21,26,3,0
920,2026-02-12 10:26:16.827297,26,38,19.15,39,3,0
921,2026-02-03 10:26:16.827297,51,32,181.55,35,5,0
922,2026-02-19 10:26:16.827297,29,11,171.93,33,9,1
923,2026-02-17 10:26:16.827297,52,45,136.88,28,0,0
924,2026-02-18 10:26:16.827297,52,25,122.71,23,3,0
925,2026-02-08 10:26:16.827297,18,33,179.54,23,9,1
926,2026-02-07 10:26:16.827297,57,38,45.21,41,3,0
927,2026-02-13 10:26:16.827297,39,41,25.0,3,9,1
928,2026-02-26 10:26:16.827297,46,8,55.51,2,0,0
929,2026-02-22 10:26:16.827297,25,11,160.97,33,8,1
930,2026-02-05 10:26:16.827297,28,22,16.59,48,3,0
931,2026-02-17 10:26:16.827297,58,51,120.73,22,6,1
932,2026-02-11 10:26:16.827297,54,24,199.13,22,2,0
933,2026-02-10 10:26:16.827297,31,41,172.58,44,9,1
934,2026-02-12 10:26:16.827297,47,17,109.07,4,2,0
935,2026-02-06 10:26:16.827297,52,12,22.09,30,7,1
936,2026-02-26 10:26:16.827297,38,57,167.96,40,7,1
937,2026-02-09 10:26:16.827297,54,46,123.81,5,0,0
938,2026-02-07 10:26:16.827297,22,32,31.84,36,9,1
939,2026-02-22 10:26:16.827297,36,15,27.83,9,1,0
940,2026-02-25 10:26:16.827297,31,16,182.83,39,7,1
941,2026-02-10 10:26:16.827297,43,54,137.15,6,0,0
942,2026-02-15 10:26:16.827297,21,22,167.56,38,7,1
943,2026-02-14 10:26:16.827297,42,28,177.01,37,7,1
944,2026-02-15 10:26:16.827297,59,20,118.64,20,1,0
945,2026-02-23 10:26:16.827297,42,33,108.31,19,3,0
946,2026-02-22 10:26:16.827297,35,10,91.78,2,5,0
947,2026-02-22 10:26:16.827297,57,40,70.22,21,8,1
948,2026-02-07 10:26:16.827297,25,32,92.57,46,7,1
949,2026-02-25 10:26:16.827297,56,50,157.04,3,7,1
950,2026-02-16 10:26:16.827297,57,33,124.37,27,6,1
951,2026-02-03 10:26:16.827297,31,2,179.58,11,8,1
952,2026-02-14 10:26:16.827297,49,33,94.24,37,1,0
953,2026-02-26 10:26:16.827297,55,33,125.35,35,2,0
954,2026-02-05 10:26:16.827297,50,41,129.95,46,9,1
955,2026-02-12 10:26:16.827297,40,13,122.42,40,7,1
956,2026-03-03 10:26:16.827297,32,30,143.5,4,5,0
957,2026-03-03 10:26:16.827297,50,33,55.11,12,9,1
958,2026-02-20 10:26:16.827297,42,13,107.35,22,8,1
959,2026-02-11 10:26:16.827297,34,52,29.8,49,9,1
960,2026-02-04 10:26:16.827297,50,26,83.06,29,3,0
961,2026-03-02 10:26:16.827297,19,22,102.66,36,7,1
962,2026-02-28 10:26:16.827297,31,39,133.92,24,9,1
963,2026-02-15 10:26:16.827297,57,2,190.6,47,2,0
964,2026-02-28 10:26:16.827297,57,38,124.12,26,2,0
965,2026-02-21 10:26:16.827297,56,39,151.28,13,7,1
966,2026-02-10 10:26:16.827297,23,26,106.19,47,4,0
967,2026-02-06 10:26:16.827297,23,46,130.48,46,2,0
968,2026-02-28 10:26:16.827297,20,58,23.48,35,9,1
969,2026-03-03 10:26:16.827297,24,50,58.33,38,0,0
970,2026-02-25 10:26:16.827297,25,15,78.75,15,2,0
971,2026-02-02 10:26:16.827297,59,34,99.77,21,8,1
972,2026-02-14 10:26:16.827297,32,42,18.67,20,4,0
973,2026-02-23 10:26:16.827297,46,55,36.6,20,9,1
974,2026-02-03 10:26:16.827297,50,44,62.59,7,1,0
975,2026-03-01 10:26:16.827297,47,49,194.59,48,6,1
976,2026-02-24 10:26:16.827297,56,40,72.96,15,1,0
977,2026-02-03 10:26:16.827297,44,11,101.59,30,3,0
978,2026-02-08 10:26:16.827297,53,3,47.26,41,6,1
979,2026-02-13 10:26:16.827297,46,59,126.05,9,3,0
980,2026-02-28 10:26:16.827297,55,6,63.33,31,6,1
981,2026-02-14 10:26:16.827297,50,9,49.33,33,6,1
982,2026-02-12 10:26:16.827297,54,6,108.15,8,0,0
983,2026-02-05 10:26:16.827297,44,9,11.05,16,5,0
984,2026-02-21 10:26:16.827297,50,39,11.46,10,8,1
985,2026-02-05 10:26:16.827297,21,31,51.62,31,1,0
986,2026-02-18 10:26:16.827297,39,32,16.98,9,2,0
987,2026-02-07 10:26:16.827297,19,41,30.52,21,9,1
988,2026-02-14 10:26:16.827297,27,50,74.38,16,4,0
989,2026-02-04 10:26:16.827297,22,12,162.49,3,8,1
990,2026-02-04 10:26:16.827297,27,8,118.69,47,3,0
991,2026-02-03 10:26:16.827297,50,8,107.41,46,0,0
992,2026-02-16 10:26:16.827297,55,50,65.76,24,3,0
993,2026-03-01 10:26:16.827297,30,28,187.03,20,5,0
994,2026-02-17 10:26:16.827297,48,20,85.43,36,4,0
995,2026-02-05 10:26:16.827297,53,47,26.55,37,0,0
996,2026-02-05 10:26:16.827297,41,59,127.24,48,3,0
997,2026-02-28 10:26:16.827297,32,7,31.63,0,5,0
998,2026-02-27 10:26:16.827297,46,11,75.59,24,9,1
999,2026-02-15 10:26:16.827297,25,20,106.41,35,9,1
1000,2026-02-25 10:26:16.827297,22,16,176.1,16,3,0
